"rgn_id","year","percent"
1,1998,15.0049
1,2005,11.0072
1,2006,12.0356
1,2007,10.2622
1,2008,11.4184
1,2009,12.0027
1,2010,7.14047
2,1998,15.0049
2,2005,11.0072
2,2006,12.0356
2,2007,10.2622
2,2008,11.4184
2,2009,12.0027
2,2010,7.14047
3,1998,15.0049
3,2005,11.0072
3,2006,12.0356
3,2007,10.2622
3,2008,11.4184
3,2009,12.0027
3,2010,7.14047
